scenario,policy,fleet,general_trips,recycling_trips,distance_km,collection_trips,collection_stops,wasted_pickups,overflow_incidents,overflow_bin_hours,overflow_spilled_kg,overflow_bin_hours_mixed_general_waste,overflow_bin_hours_plastic_cups,overflow_bin_hours_metal_cans,overflow_bin_hours_glass_bottles,base_driving_fuel_l,traffic_fuel_penalty_l,payload_fuel_penalty_l,collection_idle_fuel_l,depot_idle_fuel_l,fuel_l,unserved_required_bins,unfinished_trip_count,uncollected_kg_at_horizon,worst_fuel_l,worst_overflow_bin_hours,worst_overflow_spilled_kg
abrupt_behavior_change,current_6h,g1_r1,19.5,27.0,1157.7295000000001,46.5,441.5,74.0,3.0,6.953284722222216,25.738079660805433,1.857145833333387,5.09613888888883,0.0,0.0,520.9782749999999,43.1283375,15.087225367322,176.60000000000144,46.5,802.2938378673234,0.5,0.0,10094.724927994286,823.9508988064574,13.40179444444446,42.929848075783596
abrupt_behavior_change,fixed_baseline,g1_r1,9.0,15.0,611.9224999999994,24.0,396.0,115.5,64.0,633.601545833335,3048.6604867473916,395.422204861112,238.1793409722229,0.0,0.0,275.36512500000003,46.69549875000001,17.203068554974095,158.40000000000117,24.0,521.6636923049753,0.0,0.0,15187.926097024625,522.0653999381235,666.5751458333349,3111.888973333909
combined_demand_operational_stress,current_6h,g1_r1,14.5,27.5,1013.4539999999993,42.0,615.5,246.5,37.5,409.51509427083545,3174.259627729565,245.12564479166764,157.93356083333467,0.0,6.455888645833329,456.05429999999984,254.57063231250007,43.33872645557006,246.20000000000243,42.0,1042.1636587680723,0.5,0.0,12388.112669975497,1047.8332202238262,430.22381479166893,3409.648628578029
combined_demand_operational_stress,fixed_baseline,g1_r1,15.5,18.0,779.9679999999996,33.5,378.5,39.5,174.0,3615.2436481250024,24917.83688028848,1381.4915589583366,1241.0726507291665,254.3627290625001,738.3167093750002,350.98559999999986,195.7119727500001,34.38513693634128,151.8000000000011,33.5,766.3827096863424,17.5,0.0,18065.065894100906,770.703605215229,3866.0611377083374,25496.843240288737
event_heavy,current_6h,g1_r1,16.0,20.5,925.4259999999995,36.5,331.0,41.0,0.5,0.1822083333333315,4.241963566048867,0.1822083333333315,0.0,0.0,0.0,416.4416999999999,38.95751250000001,11.774690034423255,132.4000000000008,36.5,636.073902534424,0.0,0.0,8925.379420105,648.1446117882142,0.364416666666663,8.483927132097733
event_heavy,fixed_baseline,g1_r1,9.0,10.0,594.1539999999998,19.0,396.0,184.0,2.0,12.291403472222198,27.52784827074492,3.885122222222231,8.406281249999967,0.0,0.0,267.36929999999995,46.95003,14.769487037759243,158.40000000000117,19.0,506.4888170377604,0.0,0.0,10116.431134720093,507.8531901831066,24.582806944444396,55.05569654148984
gradual_upward_trend,current_6h,g1_r1,16.5,25.5,995.9654999999997,42.0,363.5,49.0,2.0,12.006828472222221,38.220515429370344,3.4143701388888763,8.592458333333344,0.0,0.0,448.1844749999999,40.40548875,12.832237838617317,145.400000000001,42.0,688.8222015886182,0.5,0.0,7927.307938756316,695.9462272585374,17.184916666666687,46.36018210635814
gradual_upward_trend,fixed_baseline,g1_r1,9.0,10.5,597.2029999999997,19.5,396.0,166.0,4.5,27.453782638888946,96.30260343591212,16.136838194444483,11.316944444444463,0.0,0.0,268.74134999999995,47.31503624999999,15.747048715778579,158.40000000000117,19.5,509.7034349657797,0.0,0.0,11735.083170306616,510.47041303290223,54.90756527777789,192.60520687182424
high_demand_seasonal,current_6h,g1_r1,21.5,31.0,1334.7414999999996,52.5,517.0,72.5,6.0,11.878004166666724,74.9843085486826,2.7612562500000193,9.116747916666704,0.0,0.0,600.6336749999998,47.696332500000025,17.92197170024688,206.80000000000186,52.5,925.5519792002485,0.5,0.0,12213.893456735283,929.1377197233286,11.966009722222363,97.03230636657084
high_demand_seasonal,fixed_baseline,g1_r1,9.0,18.0,628.8774999999995,27.0,396.0,62.0,127.5,1317.012809027779,6395.286110153424,771.4005159722233,545.6122930555559,0.0,0.0,282.994875,45.802777500000005,18.47021018567969,158.40000000000117,27.0,532.6678626856808,0.0,0.0,15601.250671958673,534.0848233893657,1387.4788638888901,6949.782811923518
localized_surge,current_6h,g1_r1,17.5,23.0,1012.4119999999992,40.5,367.0,64.0,2.5,3.439620138888775,26.55580987779188,1.6743499999999663,1.765270138888809,0.0,0.0,455.5853999999998,36.18879750000002,12.427525411382923,146.800000000001,40.5,691.5017229113838,0.0,0.0,8472.610675656859,691.7516979100487,5.6939069444442945,50.83953309200798
localized_surge,fixed_baseline,g1_r1,9.0,10.0,595.2129999999997,19.0,396.0,165.5,15.0,259.1548347222226,1409.1144402305108,152.7275791666672,106.4272555555554,0.0,0.0,267.8458499999999,47.268945,15.669897425271254,158.40000000000117,19.0,508.1846924252724,0.0,0.0,10732.764365612333,509.0162794003893,313.0120888888893,1627.086827070476
normal_patterned,current_6h,g1_r1,12.5,20.5,829.3439999999994,33.0,338.0,41.0,2.0,8.61986458333335,25.44688765772895,0.36828124999999545,8.251583333333354,0.0,0.0,373.2047999999999,36.045135000000016,12.147668582584945,135.20000000000084,33.0,589.5976035825856,0.0,0.0,8160.928252446747,593.966801872026,16.31825000000002,26.1089463242034
normal_patterned,fixed_baseline,g1_r1,9.0,10.0,595.2129999999997,19.0,396.0,173.0,2.5,19.306482638888898,83.11365365974189,13.865736111111119,5.44074652777778,0.0,0.0,267.8458499999999,47.268945,15.236274754432008,158.40000000000117,19.0,507.75106975443316,0.0,0.0,10732.764365612333,508.5694085939108,38.612965277777796,166.22730731948377
persistent_multi_day_surge,current_6h,g1_r1,16.0,25.5,1052.827999999999,41.5,412.5,51.5,3.5,13.630179166666682,70.45638224483982,4.4707305555555426,9.159448611111142,0.0,0.0,473.7725999999998,39.30876000000002,14.82908861930493,165.00000000000125,41.5,734.410448619306,0.0,0.0,5753.871032726363,752.794830462896,14.942108333333348,122.26359233998295
persistent_multi_day_surge,fixed_baseline,g1_r1,9.0,13.5,608.7959999999996,22.5,396.0,126.5,46.0,412.0507222222228,1791.1856551219523,232.17394097222314,179.8767812499996,0.0,0.0,273.9581999999999,46.84037624999999,16.652911302168302,158.40000000000117,22.5,518.3514875521694,0.0,0.0,10732.764365612333,520.7476205336302,443.9857388888891,1807.1472322640225
reduced_truck_capacity,current_6h,g1_r1,15.0,22.5,923.2014999999991,37.5,345.5,43.0,2.0,1.2312395833333312,14.582438322526158,1.138781249999988,0.09245833333334304,0.0,0.0,415.44067500000006,35.99677125000001,19.251435766203585,138.2000000000009,37.5,646.3888820162045,1.0,0.0,6143.836297585365,673.313864032345,1.5409999999999855,26.1089463242034
reduced_truck_capacity,fixed_baseline,g1_r1,9.0,18.0,634.2214999999997,27.0,396.0,175.0,3.0,22.267433333333354,87.86765040193791,13.865736111111119,8.401697222222234,0.0,0.0,285.39967499999995,45.924063750000016,19.75071734379422,158.40000000000117,27.0,536.4744560937954,0.0,0.0,10719.455669215375,537.5536942146082,44.53486666666671,175.73530080387582
sensor_failure,current_6h,g1_r1,14.0,14.0,921.731999999999,28.0,616.0,511.5,0.0,0.0,0.0,0.0,0.0,0.0,0.0,414.7794000000001,73.61487,16.02972014914665,246.40000000000242,28.0,778.8239901491493,0.0,0.0,6699.237334687069,778.877655706468,0.0,0.0
sensor_failure,fixed_baseline,g1_r1,9.0,10.5,597.2029999999997,19.5,396.0,173.5,2.5,19.306482638888898,83.11365365974189,13.865736111111119,5.44074652777778,0.0,0.0,268.74134999999995,47.31503624999999,15.086925896184612,158.40000000000117,19.5,509.0433121461857,0.0,0.0,10732.764365612333,509.81496027696807,38.612965277777796,166.22730731948377
traffic_disruption,current_6h,g1_r1,15.0,22.0,916.9309999999994,37.0,348.5,53.5,3.0,13.634625000000042,31.366757544053407,0.7426836458333962,12.891941354166647,0.0,0.0,412.6189499999998,192.21272775,16.173064597193978,139.4000000000009,37.0,797.4047423471948,0.0,0.0,7490.151897186381,865.898758859677,16.45914500000005,33.65904326273271
traffic_disruption,fixed_baseline,g1_r1,9.0,10.0,595.2129999999997,19.0,396.0,173.0,2.5,19.83037708333333,83.11365365974189,14.332077083333337,5.498299999999995,0.0,0.0,267.8458499999999,154.06109268750015,20.191433670878045,158.40000000000117,19.0,619.4983763583792,0.0,0.0,10716.415647599406,620.6310894729863,39.66075416666666,166.22730731948377
