policy,scenario,replication,overflow_incidents,overflow_bin_hours,overflow_spilled_kg,distance_km,travel_time_hours,service_time_hours,depot_unloading_time_hours,turnaround_time_hours,idling_time_hours,collection_trips,collection_stops,wasted_pickups,collected_kg,mean_fill_at_collection_pct,truck_utilization_pct,unserved_required_bins,inspection_events,base_driving_fuel_l,traffic_fuel_penalty_l,payload_fuel_penalty_l,driving_fuel_l,collection_idle_fuel_l,depot_idle_fuel_l,fuel_l,co2_kg,routing_fallbacks,forecast_driven_dispatches,capacity_constrained_decisions,dispatch_limit_blocks,sensor_uncertainty_decisions,overflow_incidents_post_warmup,overflow_bin_hours_post_warmup,overflow_spilled_kg_post_warmup,distance_km_post_warmup,travel_time_hours_post_warmup,service_time_hours_post_warmup,depot_unloading_time_hours_post_warmup,turnaround_time_hours_post_warmup,idling_time_hours_post_warmup,collection_trips_post_warmup,collection_stops_post_warmup,wasted_pickups_post_warmup,collected_kg_post_warmup,mean_fill_at_collection_pct_post_warmup,truck_utilization_pct_post_warmup,unserved_required_bins_post_warmup,inspection_events_post_warmup,base_driving_fuel_l_post_warmup,traffic_fuel_penalty_l_post_warmup,payload_fuel_penalty_l_post_warmup,driving_fuel_l_post_warmup,collection_idle_fuel_l_post_warmup,depot_idle_fuel_l_post_warmup,fuel_l_post_warmup,co2_kg_post_warmup,routing_fallbacks_post_warmup,forecast_driven_dispatches_post_warmup,capacity_constrained_decisions_post_warmup,dispatch_limit_blocks_post_warmup,sensor_uncertainty_decisions_post_warmup,uncollected_kg_at_horizon,unfinished_trip_count,analysis_warmup_days,overflow_bin_hours_glass_bottles,overflow_incidents_glass_bottles,overflow_spilled_kg_glass_bottles,overflow_bin_hours_metal_cans,overflow_incidents_metal_cans,overflow_spilled_kg_metal_cans,overflow_bin_hours_mixed_general_waste,overflow_incidents_mixed_general_waste,overflow_spilled_kg_mixed_general_waste,overflow_bin_hours_plastic_cups,overflow_incidents_plastic_cups,overflow_spilled_kg_plastic_cups
fixed,normal_patterned,0,2.0,12.438833333333362,101.50537543175187,594.1539999999997,21.30141666666667,52.799999999999855,6.333333333333331,0.16666666666666666,59.133333333333184,19.0,396.0,216.0,97148.11221208076,49.77249039095815,56.8117615275326,0.0,25.0,267.3692999999999,46.950030000000005,13.79324738486774,328.1125773848677,158.40000000000117,19.0,505.51257738486885,1354.7737073914486,0.0,0.0,0.0,0.0,8.0,2.0,12.438833333333362,101.50537543175187,594.1539999999997,21.30141666666667,52.799999999999855,6.333333333333331,0.16666666666666666,59.133333333333184,19.0,396.0,216.0,97148.11221208076,49.77249039095815,56.8117615275326,0.0,25.0,267.3692999999999,46.950030000000005,13.79324738486774,328.1125773848677,158.40000000000117,19.0,505.51257738486885,1354.7737073914486,0.0,0.0,0.0,0.0,8.0,9939.505359158118,0,3,0.0,0.0,0.0,0.0,0.0,0.0,12.438833333333362,2.0,101.50537543175187,0.0,0.0,0.0
smart,normal_patterned,0,1.0,0.2657222222222117,0.3603031908101286,804.2019999999994,24.56748750000002,43.19999999999989,10.0,0.0,53.19999999999989,30.0,324.0,44.0,98543.91714269572,62.27987217088801,36.4977470898873,0.0,312.0,361.8908999999998,26.82652500000001,11.19479535515213,399.91222035515193,129.60000000000076,30.0,559.5122203551527,1499.4927505518094,0.0,22.0,0.0,0.0,112.0,1.0,0.2657222222222117,0.3603031908101286,804.2019999999994,24.56748750000002,43.19999999999989,10.0,0.0,53.19999999999989,30.0,324.0,44.0,98543.91714269572,62.27987217088801,36.4977470898873,0.0,289.0,361.8908999999998,26.82652500000001,11.19479535515213,399.91222035515193,129.60000000000076,30.0,559.5122203551527,1499.4927505518094,0.0,22.0,0.0,0.0,102.0,8644.845500784077,0,3,0.0,0.0,0.0,0.0,0.0,0.0,0.0,0.0,0.0,0.2657222222222117,1.0,0.3603031908101286
fixed,high_demand_seasonal,0,79.0,865.825194444446,4990.582145360786,615.4019999999997,21.813787500000007,52.799999999999855,8.33333333333333,1.1666666666666665,61.133333333333184,25.0,396.0,101.0,138054.45331057612,69.91648459028336,61.3575348047005,0.0,24.0,276.93089999999984,45.0984825,17.33525441219911,339.36463691219893,158.40000000000117,25.0,522.7646369122001,1401.0092269246963,0.0,0.0,0.0,0.0,8.0,79.0,865.825194444446,4990.582145360786,615.4019999999997,21.813787500000007,52.799999999999855,8.33333333333333,1.1666666666666665,61.133333333333184,25.0,396.0,101.0,138054.45331057612,69.91648459028336,61.3575348047005,0.0,24.0,276.93089999999984,45.0984825,17.33525441219911,339.36463691219893,158.40000000000117,25.0,522.7646369122001,1401.0092269246963,0.0,0.0,0.0,0.0,8.0,14635.954296344064,0,3,0.0,0.0,0.0,0.0,0.0,0.0,466.6309180555561,42.0,4337.405073884026,399.19427638888953,37.0,653.177071476759
smart,high_demand_seasonal,0,2.0,3.5902166666665534,22.166841848506778,1281.089,40.218348611111104,64.2666666666665,16.666666666666675,0.0,80.93333333333317,50.0,482.0,73.0,151136.13272334595,63.87042618834704,33.585807271854655,0.0,311.0,576.4900500000001,62.63158500000001,17.09692663584536,656.2185616358454,192.80000000000166,50.0,899.018561635847,2409.3697451840703,0.0,28.0,0.0,1.0,109.0,2.0,3.5902166666665534,22.166841848506778,1207.1510000000003,37.637965277777774,60.93333333333316,15.666666666666677,0.0,76.59999999999984,47.0,457.0,72.0,143896.99141192183,63.50370229579983,34.01820127941414,0.0,288.0,543.2179499999999,56.75874749999999,16.081444700263173,616.0581422002631,182.80000000000152,47.0,845.8581422002646,2266.8998210967093,0.0,27.0,0.0,1.0,99.0,6522.690187086297,0,3,0.7494680555554927,1.0,13.135302834798267,0.0,0.0,0.0,0.0,0.0,0.0,2.8407486111110605,1.0,9.03153901370851
fixed,event_heavy,0,4.0,19.834706944444466,124.92069797821046,592.5419999999997,21.251100000000005,52.799999999999855,5.999999999999998,0.0,58.799999999999855,18.0,396.0,229.0,93521.58084870208,47.83885859300761,57.72937089426054,0.0,25.0,266.6438999999999,47.323845,13.468563496499545,327.43630849649946,158.40000000000117,18.0,503.83630849650064,1350.2813067706218,0.0,0.0,0.0,0.0,8.0,4.0,19.834706944444466,124.92069797821046,592.5419999999997,21.251100000000005,52.799999999999855,5.999999999999998,0.0,58.799999999999855,18.0,396.0,229.0,93521.58084870208,47.83885859300761,57.72937089426054,0.0,25.0,266.6438999999999,47.323845,13.468563496499545,327.43630849649946,158.40000000000117,18.0,503.83630849650064,1350.2813067706218,0.0,0.0,0.0,0.0,8.0,9333.538305184013,0,3,0.0,0.0,0.0,0.0,0.0,0.0,19.834706944444466,4.0,124.92069797821046,0.0,0.0,0.0
smart,event_heavy,0,0.0,0.0,0.0,832.7029999999993,27.01006388888891,41.199999999999896,11.333333333333336,0.0,52.53333333333323,34.0,309.0,49.0,96062.67047799702,63.6147181499753,31.393029567972878,1.0,314.0,374.71634999999986,47.0473425,11.311203096159435,433.0748955961593,123.60000000000068,34.0,590.67489559616,1583.008720197709,0.0,22.0,1.0,0.0,112.0,0.0,0.0,0.0,784.9949999999997,25.213030555555576,39.86666666666657,10.666666666666668,0.0,50.53333333333323,32.0,299.0,48.0,94158.71193986735,63.7965841086772,32.69399720134283,1.0,291.0,353.2477499999998,41.680192500000004,11.073449744894813,406.00139224489465,119.60000000000062,32.0,557.6013922448952,1494.3717312163194,0.0,21.0,1.0,0.0,102.0,6917.36937386729,0,3,0.0,0.0,0.0,0.0,0.0,0.0,0.0,0.0,0.0,0.0,0.0,0.0
fixed,persistent_multi_day_surge,0,27.0,414.1251597222224,3244.3342158223295,602.5999999999996,21.486804166666673,52.799999999999855,6.999999999999997,0.5,59.799999999999855,21.0,396.0,164.0,112617.0567373508,57.09897842800456,59.58574430547662,0.0,24.0,271.17,46.3325175,15.231091927049892,332.7336094270499,158.40000000000117,21.0,512.133609427051,1372.518073264497,0.0,0.0,0.0,0.0,8.0,27.0,414.1251597222224,3244.3342158223295,602.5999999999996,21.486804166666673,52.799999999999855,6.999999999999997,0.5,59.799999999999855,21.0,396.0,164.0,112617.0567373508,57.09897842800456,59.58574430547662,0.0,24.0,271.17,46.3325175,15.231091927049892,332.7336094270499,158.40000000000117,21.0,512.133609427051,1372.518073264497,0.0,0.0,0.0,0.0,8.0,9939.505359158118,0,3,0.0,0.0,0.0,0.0,0.0,0.0,219.35591111111177,13.0,2805.805697468594,194.7692486111106,14.0,438.52851835373355
smart,persistent_multi_day_surge,0,4.0,8.638486111111282,120.82535551988317,977.9009999999992,28.20398055555557,51.06666666666653,12.666666666666671,0.0,63.7333333333332,38.0,383.0,53.0,119867.97703054525,64.0815177583607,35.049116090802706,0.0,313.0,440.05545,20.407297500000006,13.23524087181862,473.69798837181867,153.2000000000011,38.0,664.8979883718198,1781.926608836477,0.0,23.0,0.0,0.0,112.0,4.0,8.638486111111282,120.82535551988317,977.9009999999992,28.20398055555557,51.06666666666653,12.666666666666671,0.0,63.7333333333332,38.0,383.0,53.0,119867.97703054525,64.0815177583607,35.049116090802706,0.0,290.0,440.05545,20.407297500000006,13.23524087181862,473.69798837181867,153.2000000000011,38.0,664.8979883718198,1781.926608836477,0.0,23.0,0.0,0.0,102.0,5812.093926266047,0,3,0.0,0.0,0.0,0.0,0.0,0.0,7.32844444444448,2.0,116.72253109998076,1.3100416666668024,2.0,4.102824419902419
fixed,localized_surge,0,13.0,190.7123180555561,1272.1832962747328,596.3069999999997,21.34786250000001,52.799999999999855,6.333333333333331,0.16666666666666666,59.133333333333184,19.0,396.0,208.0,100236.71094578842,51.3968239294298,58.61795961742013,0.0,25.0,268.33814999999987,47.358765,14.178796225483286,329.87571122548314,158.40000000000117,19.0,507.2757112254843,1359.4989060842981,0.0,0.0,0.0,0.0,8.0,13.0,190.7123180555561,1272.1832962747328,596.3069999999997,21.34786250000001,52.799999999999855,6.333333333333331,0.16666666666666666,59.133333333333184,19.0,396.0,208.0,100236.71094578842,51.3968239294298,58.61795961742013,0.0,25.0,268.33814999999987,47.358765,14.178796225483286,329.87571122548314,158.40000000000117,19.0,507.2757112254843,1359.4989060842981,0.0,0.0,0.0,0.0,8.0,9939.505359158118,0,3,0.0,0.0,0.0,0.0,0.0,0.0,105.91980277777822,7.0,1069.8162633824518,84.79251527777791,6.0,202.3670328922809
smart,localized_surge,0,2.0,4.532826388888922,109.82761739700493,972.9959999999995,29.023483333333367,45.99999999999988,13.33333333333334,0.0,59.333333333333215,40.0,345.0,52.0,104334.25074816271,62.32689878976141,28.98173631893409,0.0,317.0,437.84819999999985,29.292592499999998,10.69342795325764,477.8342204532575,138.00000000000088,40.0,655.8342204532584,1757.6357108147324,0.0,27.0,0.0,1.0,111.0,2.0,4.532826388888922,109.82761739700493,972.9959999999995,29.023483333333367,45.99999999999988,13.33333333333334,0.0,59.333333333333215,40.0,345.0,52.0,104334.25074816271,62.32689878976141,28.98173631893409,0.0,294.0,437.84819999999985,29.292592499999998,10.69342795325764,477.8342204532575,138.00000000000088,40.0,655.8342204532584,1757.6357108147324,0.0,27.0,0.0,1.0,101.0,7004.321235661491,0,3,0.0,0.0,0.0,0.0,0.0,0.0,4.532826388888922,2.0,109.82761739700493,0.0,0.0,0.0
fixed,gradual_upward_trend,0,7.0,27.029954166666904,181.16702182203105,596.5219999999997,21.36847777777778,52.799999999999855,6.333333333333331,0.16666666666666666,59.133333333333184,19.0,396.0,204.0,101589.78671950412,52.03495387811956,59.40923199971001,0.0,25.0,268.4348999999999,47.41602749999999,14.252152777644127,330.10308027764404,158.40000000000117,19.0,507.5030802776452,1360.1082551440893,0.0,0.0,0.0,0.0,8.0,7.0,27.029954166666904,181.16702182203105,596.5219999999997,21.36847777777778,52.799999999999855,6.333333333333331,0.16666666666666666,59.133333333333184,19.0,396.0,204.0,101589.78671950412,52.03495387811956,59.40923199971001,0.0,25.0,268.4348999999999,47.41602749999999,14.252152777644127,330.10308027764404,158.40000000000117,19.0,507.5030802776452,1360.1082551440893,0.0,0.0,0.0,0.0,8.0,10868.215228814157,0,3,0.0,0.0,0.0,0.0,0.0,0.0,22.448987500000175,5.0,174.24229633575874,4.58096666666673,2.0,6.924725486272308
smart,gradual_upward_trend,0,1.0,1.590500000000005,9.893200937564643,876.3679999999994,26.604095833333343,43.999999999999886,11.66666666666667,0.0,55.66666666666656,35.0,330.0,40.0,106689.15280047261,65.60230982152956,33.869572317610356,0.0,320.0,394.3656,30.03279750000001,12.196034040354824,436.59443154035483,132.0000000000008,35.0,603.5944315403556,1617.633076528153,0.0,26.0,0.0,0.0,112.0,1.0,1.590500000000005,9.893200937564643,876.3679999999994,26.604095833333343,43.999999999999886,11.66666666666667,0.0,55.66666666666656,35.0,330.0,40.0,106689.15280047261,65.60230982152956,33.869572317610356,0.0,297.0,394.3656,30.03279750000001,12.196034040354824,436.59443154035483,132.0000000000008,35.0,603.5944315403556,1617.633076528153,0.0,26.0,0.0,0.0,102.0,5940.122968730075,0,3,0.0,0.0,0.0,0.0,0.0,0.0,1.590500000000005,1.0,9.893200937564643,0.0,0.0,0.0
fixed,abrupt_behavior_change,0,57.0,668.3173388888898,3996.353697467424,610.5659999999998,21.67500972222223,52.799999999999855,7.33333333333333,0.6666666666666666,60.133333333333184,22.0,396.0,157.0,120598.50467411065,61.0701377109938,60.908335693995284,0.0,24.0,274.7546999999999,46.77068249999999,15.369634910337439,336.8950174103373,158.40000000000117,22.0,517.2950174103385,1386.350646659707,0.0,0.0,0.0,0.0,8.0,57.0,668.3173388888898,3996.353697467424,610.5659999999998,21.67500972222223,52.799999999999855,7.33333333333333,0.6666666666666666,60.133333333333184,22.0,396.0,157.0,120598.50467411065,61.0701377109938,60.908335693995284,0.0,24.0,274.7546999999999,46.77068249999999,15.369634910337439,336.8950174103373,158.40000000000117,22.0,517.2950174103385,1386.350646659707,0.0,0.0,0.0,0.0,8.0,14239.46469647675,0,3,0.0,0.0,0.0,0.0,0.0,0.0,393.5410111111117,31.0,3519.3044349463066,274.7763277777781,26.0,477.04926252111716
smart,abrupt_behavior_change,0,5.0,15.027577777778,121.79468399353502,1132.3249999999994,34.05507777777779,57.99999999999984,14.666666666666675,0.0,72.66666666666652,44.0,435.0,82.0,131488.64867594777,61.82969719106927,33.204204211097924,0.0,319.0,509.5462499999998,35.497530000000005,14.121654055979164,559.1654340559791,174.0000000000014,44.0,777.1654340559804,2082.8033632700276,0.0,31.0,0.0,0.0,111.0,5.0,15.027577777778,121.79468399353502,1132.3249999999994,34.05507777777779,57.99999999999984,14.666666666666675,0.0,72.66666666666652,44.0,435.0,82.0,131488.64867594777,61.82969719106927,33.204204211097924,0.0,296.0,509.5462499999998,35.497530000000005,14.121654055979164,559.1654340559791,174.0000000000014,44.0,777.1654340559804,2082.8033632700276,0.0,31.0,0.0,0.0,101.0,7223.879708113666,0,3,0.0,0.0,0.0,0.0,0.0,0.0,6.631393055555721,2.0,113.20464264133204,8.396184722222278,3.0,8.590041352202974
fixed,traffic_disruption,0,2.0,12.70909166666667,101.50537543175187,594.1539999999998,28.31419687500003,52.799999999999855,6.333333333333331,0.16666666666666666,59.133333333333184,19.0,396.0,215.0,97156.92008578657,49.77679916248987,56.816912330869336,0.0,25.0,267.3692999999999,153.42881850000015,18.289510291089304,439.08762879108934,158.40000000000117,19.0,616.4876287910905,1652.1868451601226,0.0,0.0,0.0,0.0,8.0,2.0,12.70909166666667,101.50537543175187,594.1539999999998,28.31419687500003,52.799999999999855,6.333333333333331,0.16666666666666666,59.133333333333184,19.0,396.0,215.0,97156.92008578657,49.77679916248987,56.816912330869336,0.0,25.0,267.3692999999999,153.42881850000015,18.289510291089304,439.08762879108934,158.40000000000117,19.0,616.4876287910905,1652.1868451601226,0.0,0.0,0.0,0.0,8.0,9930.697485452276,0,3,0.0,0.0,0.0,0.0,0.0,0.0,12.70909166666667,2.0,101.50537543175187,0.0,0.0,0.0
smart,traffic_disruption,0,1.0,0.38205833333334643,0.3603031908101286,798.8919999999995,32.728108125000006,43.066666666666556,10.0,0.0,53.066666666666556,30.0,323.0,44.0,98272.91778721729,62.31442212552181,36.39737695822863,0.0,312.0,359.5013999999999,158.70806775000003,14.835320510271846,533.0447882602717,129.20000000000076,30.0,692.2447882602725,1855.2160325375303,0.0,22.0,0.0,0.0,112.0,1.0,0.38205833333334643,0.3603031908101286,798.8919999999995,32.728108125000006,43.066666666666556,10.0,0.0,53.066666666666556,30.0,323.0,44.0,98272.91778721729,62.31442212552181,36.39737695822863,0.0,289.0,359.5013999999999,158.70806775000003,14.835320510271846,533.0447882602717,129.20000000000076,30.0,692.2447882602725,1855.2160325375303,0.0,22.0,0.0,0.0,102.0,8915.84485626248,0,3,0.0,0.0,0.0,0.0,0.0,0.0,0.0,0.0,0.0,0.38205833333334643,1.0,0.3603031908101286
fixed,sensor_failure,0,2.0,12.438833333333362,101.50537543175187,594.1539999999997,21.30141666666667,52.799999999999855,6.333333333333331,0.16666666666666666,59.133333333333184,19.0,396.0,216.0,97148.11221208076,49.77249039095815,56.8117615275326,0.0,169.0,267.3692999999999,46.950030000000005,13.79324738486774,328.1125773848677,158.40000000000117,19.0,505.51257738486885,1354.7737073914486,0.0,0.0,0.0,0.0,9.0,2.0,12.438833333333362,101.50537543175187,594.1539999999997,21.30141666666667,52.799999999999855,6.333333333333331,0.16666666666666666,59.133333333333184,19.0,396.0,216.0,97148.11221208076,49.77249039095815,56.8117615275326,0.0,169.0,267.3692999999999,46.950030000000005,13.79324738486774,328.1125773848677,158.40000000000117,19.0,505.51257738486885,1354.7737073914486,0.0,0.0,0.0,0.0,9.0,9939.505359158118,0,3,0.0,0.0,0.0,0.0,0.0,0.0,12.438833333333362,2.0,101.50537543175187,0.0,0.0,0.0
smart,sensor_failure,0,0.0,0.0,0.0,921.731999999999,33.05726666666666,82.13333333333405,9.333333333333332,0.0,91.46666666666738,28.0,616.0,549.0,100658.19089034894,33.16069655661739,39.94372654378926,0.0,2321.0,414.7794000000001,73.61487,14.411419075297834,502.80568907529795,246.40000000000242,28.0,777.2056890753004,2082.911246721805,0.0,0.0,0.0,0.0,120.0,0.0,0.0,0.0,855.8939999999991,30.69603333333333,76.26666666666709,8.666666666666664,0.0,84.93333333333376,26.0,572.0,508.0,93316.30200521674,33.103557999991395,39.87876154069092,0.0,2092.0,385.1523000000001,68.35666499999998,13.398081240138021,466.9070462401381,228.80000000000217,26.0,721.7070462401402,1934.1748839235759,0.0,0.0,0.0,0.0,108.0,6530.932056321651,0,3,0.0,0.0,0.0,0.0,0.0,0.0,0.0,0.0,0.0,0.0,0.0,0.0
fixed,reduced_truck_capacity,0,2.0,12.438833333333362,101.50537543175187,622.7769999999997,21.9449875,52.799999999999855,8.33333333333333,1.1666666666666665,61.133333333333184,25.0,396.0,212.0,97185.12601780414,49.79556094230083,66.45136821730198,0.0,25.0,280.24964999999986,45.63733500000001,18.61915466306929,344.5061396630692,158.40000000000117,25.0,527.9061396630703,1414.7884542970287,0.0,0.0,0.0,0.0,8.0,2.0,12.438833333333362,101.50537543175187,622.7769999999997,21.9449875,52.799999999999855,8.33333333333333,1.1666666666666665,61.133333333333184,25.0,396.0,212.0,97185.12601780414,49.79556094230083,66.45136821730198,0.0,25.0,280.24964999999986,45.63733500000001,18.61915466306929,344.5061396630692,158.40000000000117,25.0,527.9061396630703,1414.7884542970287,0.0,0.0,0.0,0.0,8.0,9902.491553434675,0,3,0.0,0.0,0.0,0.0,0.0,0.0,12.438833333333362,2.0,101.50537543175187,0.0,0.0,0.0
smart,reduced_truck_capacity,0,1.0,1.2657222222222118,1.9956723899216229,824.1889999999995,25.130197222222243,43.86666666666655,10.333333333333334,0.0,54.19999999999989,31.0,329.0,46.0,101229.36185355794,62.894031934241085,55.81988522390843,0.0,311.0,370.88504999999975,24.366330000000016,17.37419946007616,412.6255794600759,131.6000000000008,31.0,575.2255794600767,1541.6045529530056,0.0,21.0,0.0,0.0,112.0,1.0,1.2657222222222118,1.9956723899216229,824.1889999999995,25.130197222222243,43.86666666666655,10.333333333333334,0.0,54.19999999999989,31.0,329.0,46.0,101229.36185355794,62.894031934241085,55.81988522390843,0.0,288.0,370.88504999999975,24.366330000000016,17.37419946007616,412.6255794600759,131.6000000000008,31.0,575.2255794600767,1541.6045529530056,0.0,21.0,0.0,0.0,102.0,5957.765420722762,0,3,0.0,0.0,0.0,0.0,0.0,0.0,0.0,0.0,0.0,1.2657222222222118,1.0,1.9956723899216229
fixed,combined_demand_operational_stress,0,124.0,2941.938155833336,22655.408264891306,711.9509999999993,32.881927500000025,50.933333333333195,10.0,2.0,60.933333333333195,30.0,379.0,86.0,139295.02078184905,73.71551410585614,79.3703822118798,17.0,169.0,320.3779500000001,178.48622700000004,32.23597245085986,531.10014945086,152.8000000000011,30.0,713.9001494508611,1913.252400528308,0.0,0.0,4.0,0.0,9.0,123.0,2936.938155833336,22650.26560016638,711.9509999999993,32.881927500000025,50.933333333333195,10.0,2.0,60.933333333333195,30.0,379.0,86.0,139295.02078184905,73.71551410585614,79.3703822118798,17.0,169.0,320.3779500000001,178.48622700000004,32.23597245085986,531.10014945086,152.8000000000011,30.0,713.9001494508611,1913.252400528308,0.0,0.0,4.0,0.0,9.0,17451.547485281524,0,3,628.0905000000005,11.0,7458.165077020354,242.83892979166686,4.0,500.27299462346264,993.6124883333352,58.0,12306.757339610636,1077.3962377083344,51.0,2390.212853636838
smart,combined_demand_operational_stress,0,39.0,719.9189716666696,6156.895566171903,1002.6869999999993,46.945646250000046,81.86666666666737,13.33333333333334,2.0,95.20000000000071,40.0,611.0,313.0,160859.9633362653,53.22821470358097,68.74357407532705,5.0,2297.0,451.2091499999999,254.03957437500006,39.86389132845236,745.1126157034523,245.6000000000024,40.0,1030.7126157034547,2762.309810085259,0.0,0.0,1.0,2.0,118.0,39.0,719.9189716666696,6156.895566171903,933.0839999999995,43.65986437500005,76.00000000000041,12.333333333333337,1.8333333333333335,88.33333333333375,37.0,567.0,287.0,151109.10838110803,53.86451105870061,69.81247788454979,5.0,2068.0,419.88779999999986,236.36422687499999,37.323296063650155,693.57532293865,228.00000000000216,37.0,958.5753229386521,2568.9818654755877,0.0,0.0,1.0,2.0,106.0,12385.117629584593,0,3,84.35990708333374,5.0,950.2241851995732,0.0,0.0,0.0,351.6258968750013,19.0,4453.198904375669,283.9331677083345,15.0,753.4724765966648
fixed,normal_patterned,1,1.0,11.30438472222225,41.28918223851713,592.5419999999997,21.251100000000005,52.799999999999855,5.999999999999998,0.0,58.799999999999855,18.0,396.0,183.0,106152.41781027058,54.32849177283383,65.52618383350035,0.0,36.0,266.6438999999999,47.323845,15.230736653216816,329.19848165321673,158.40000000000117,18.0,505.5984816532179,1355.003930830624,0.0,0.0,0.0,0.0,9.0,1.0,11.30438472222225,41.28918223851713,592.5419999999997,21.251100000000005,52.799999999999855,5.999999999999998,0.0,58.799999999999855,18.0,396.0,183.0,106152.41781027058,54.32849177283383,65.52618383350035,0.0,36.0,266.6438999999999,47.323845,15.230736653216816,329.19848165321673,158.40000000000117,18.0,505.5984816532179,1355.003930830624,0.0,0.0,0.0,0.0,9.0,7890.143837178451,0,3,0.0,0.0,0.0,0.0,0.0,0.0,11.30438472222225,1.0,41.28918223851713,0.0,0.0,0.0
smart,normal_patterned,1,0.0,0.0,0.0,1032.2279999999987,32.712465277777795,46.53333333333321,14.333333333333341,0.0,60.86666666666655,43.0,349.0,54.0,106545.6709530652,62.49269797951705,27.531181124823046,0.0,483.0,464.5025999999999,58.02745500000003,11.544151463386324,534.0742064633863,139.6000000000009,43.0,716.6742064633872,1920.686873321878,0.0,29.0,0.0,0.0,116.0,0.0,0.0,0.0,1032.2279999999987,32.712465277777795,46.53333333333321,14.333333333333341,0.0,60.86666666666655,43.0,349.0,54.0,106545.6709530652,62.49269797951705,27.531181124823046,0.0,459.0,464.5025999999999,58.02745500000003,11.544151463386324,534.0742064633863,139.6000000000009,43.0,716.6742064633872,1920.686873321878,0.0,29.0,0.0,0.0,105.0,7538.179876622319,0,3,0.0,0.0,0.0,0.0,0.0,0.0,0.0,0.0,0.0,0.0,0.0,0.0
fixed,high_demand_seasonal,1,112.0,1231.3944277777803,5759.70618713822,624.3439999999995,22.081901388888895,52.799999999999855,8.999999999999998,1.5,61.799999999999855,27.0,396.0,65.0,149995.70343626442,75.93123623347374,61.726626928503876,0.0,35.0,280.9548000000001,46.40609250000001,18.42395739045872,345.7848498904588,158.40000000000117,27.0,531.18484989046,1423.5753977064328,0.0,0.0,0.0,0.0,9.0,103.0,1195.39442777778,5532.30218229454,624.3439999999995,22.081901388888895,52.799999999999855,8.999999999999998,1.5,61.799999999999855,27.0,396.0,65.0,149995.70343626442,75.93123623347374,61.726626928503876,0.0,35.0,280.9548000000001,46.40609250000001,18.42395739045872,345.7848498904588,158.40000000000117,27.0,531.18484989046,1423.5753977064328,0.0,0.0,0.0,0.0,9.0,11721.148454809732,0,3,0.0,0.0,0.0,0.0,0.0,0.0,744.857004166668,66.0,5078.661795780742,486.5374236111117,46.0,681.0443913574793
smart,high_demand_seasonal,1,7.0,13.479605555555525,104.89611435705004,1566.2039999999981,47.530069444444464,69.6000000000001,22.666666666666654,0.0,92.26666666666675,68.0,522.0,92.0,161445.47236304107,62.85433228670294,26.37997914428776,0.0,485.0,704.7918000000004,67.70758499999998,16.708195529829823,789.2075805298302,208.8000000000019,68.0,1066.007580529832,2856.90031581995,0.0,46.0,0.0,0.0,116.0,7.0,13.479605555555525,104.89611435705004,1497.570999999998,45.6391805555556,66.66666666666661,21.666666666666657,0.0,88.33333333333327,65.0,500.0,90.0,157012.1004268199,62.84311970352068,26.83967528663588,0.0,461.0,673.9069500000003,67.70758499999998,16.112856029398472,757.7273910293987,200.00000000000176,65.0,1022.7273910294005,2740.9094079587935,0.0,45.0,0.0,0.0,105.0,5926.189600814399,0,3,0.0,0.0,0.0,0.0,0.0,0.0,4.7486194444444365,3.0,85.33861255465922,8.730986111111086,4.0,19.557501802390817
fixed,event_heavy,1,2.0,27.170711111111206,108.00233510608678,592.5419999999997,21.251100000000005,52.799999999999855,5.999999999999998,0.0,58.799999999999855,18.0,396.0,194.0,101636.4880720952,51.953963536045094,62.73857288400939,0.0,36.0,266.6438999999999,47.323845,14.635876857754324,328.60362185775426,158.40000000000117,18.0,505.00362185775543,1353.4097065787846,0.0,0.0,0.0,0.0,9.0,2.0,27.170711111111206,108.00233510608678,592.5419999999997,21.251100000000005,52.799999999999855,5.999999999999998,0.0,58.799999999999855,18.0,396.0,194.0,101636.4880720952,51.953963536045094,62.73857288400939,0.0,36.0,266.6438999999999,47.323845,14.635876857754324,328.60362185775426,158.40000000000117,18.0,505.00362185775543,1353.4097065787846,0.0,0.0,0.0,0.0,9.0,7437.676076300802,0,3,0.0,0.0,0.0,0.0,0.0,0.0,27.170711111111206,2.0,108.00233510608678,0.0,0.0,0.0
smart,event_heavy,1,1.0,3.4426666666666885,4.720021273536034,912.602,26.348898611111135,43.466666666666555,12.333333333333337,0.0,55.79999999999989,37.0,326.0,45.0,101547.50277786053,63.47115413551699,30.4947455789371,0.0,474.0,410.67089999999996,21.764812499999998,10.953001957061735,443.3887144570617,130.40000000000077,37.0,610.7887144570625,1636.9137547449277,0.0,26.0,0.0,0.0,117.0,1.0,3.4426666666666885,4.720021273536034,912.602,26.348898611111135,43.466666666666555,12.333333333333337,0.0,55.79999999999989,37.0,326.0,45.0,101547.50277786053,63.47115413551699,30.4947455789371,0.0,450.0,410.67089999999996,21.764812499999998,10.953001957061735,443.3887144570617,130.40000000000077,37.0,610.7887144570625,1636.9137547449277,0.0,26.0,0.0,0.0,106.0,7629.943684367991,0,3,0.0,0.0,0.0,0.0,0.0,0.0,0.0,0.0,0.0,3.4426666666666885,1.0,4.720021273536034
fixed,persistent_multi_day_surge,1,49.0,590.8629277777789,3356.5320950850096,605.3789999999996,21.59479583333334,52.799999999999855,7.33333333333333,0.6666666666666666,60.133333333333184,22.0,395.0,140.0,122706.91567353904,62.58514128551523,61.973189734110626,1.0,35.0,272.42054999999993,46.962225,16.49706583182354,335.87984083182346,158.40000000000117,22.0,516.2798408318247,1383.6299734292902,0.0,0.0,0.0,0.0,9.0,49.0,590.8629277777789,3356.5320950850096,605.3789999999996,21.59479583333334,52.799999999999855,7.33333333333333,0.6666666666666666,60.133333333333184,22.0,395.0,140.0,122706.91567353904,62.58514128551523,61.973189734110626,1.0,35.0,272.42054999999993,46.962225,16.49706583182354,335.87984083182346,158.40000000000117,22.0,516.2798408318247,1383.6299734292902,0.0,0.0,0.0,0.0,9.0,7890.143837178451,0,3,0.0,0.0,0.0,26.12364027777785,1.0,81.48336792762268,385.07955833333443,29.0,2953.1667080426782,179.6597291666665,19.0,321.88201911471026
smart,persistent_multi_day_surge,1,5.0,15.837969444444326,44.24376941065148,1116.0869999999993,32.6791388888889,55.19999999999985,15.000000000000009,0.0,70.19999999999986,45.0,414.0,59.0,129348.98880794922,63.12535805679649,31.938021927888695,1.0,489.0,502.2391499999998,32.26088250000002,14.481767699241468,548.9818001992413,165.60000000000127,45.0,759.5818001992426,2035.6792245339702,0.0,27.0,1.0,0.0,117.0,5.0,15.837969444444326,44.24376941065148,1116.0869999999993,32.6791388888889,55.19999999999985,15.000000000000009,0.0,70.19999999999986,45.0,414.0,59.0,129348.98880794922,63.12535805679649,31.938021927888695,1.0,465.0,502.2391499999998,32.26088250000002,14.481767699241468,548.9818001992413,165.60000000000127,45.0,759.5818001992426,2035.6792245339702,0.0,27.0,1.0,0.0,106.0,4560.359028442635,0,3,0.0,0.0,0.0,0.0,0.0,0.0,0.9868611111111022,1.0,3.8589708184173332,14.851108333333224,4.0,40.38479859223415
fixed,localized_surge,1,15.0,235.244280555556,1348.7956947473042,592.5419999999997,21.251100000000005,52.799999999999855,5.999999999999998,0.0,58.799999999999855,18.0,396.0,176.0,109262.66749182848,56.0373450765153,67.44609104433857,0.0,35.0,266.6438999999999,47.323845,15.688772664492468,329.6565176644924,158.40000000000117,18.0,506.0565176644936,1356.231467340843,0.0,0.0,0.0,0.0,9.0,15.0,235.244280555556,1348.7956947473042,592.5419999999997,21.251100000000005,52.799999999999855,5.999999999999998,0.0,58.799999999999855,18.0,396.0,176.0,109262.66749182848,56.0373450765153,67.44609104433857,0.0,35.0,266.6438999999999,47.323845,15.688772664492468,329.6565176644924,158.40000000000117,18.0,506.0565176644936,1356.231467340843,0.0,0.0,0.0,0.0,9.0,7890.143837178451,0,3,0.0,0.0,0.0,0.0,0.0,0.0,140.54710138888956,9.0,1158.6516172657991,94.6971791666665,6.0,190.14407748150467
smart,localized_surge,1,0.0,0.0,0.0,1097.5259999999994,30.54091388888891,48.79999999999987,15.666666666666677,0.0,64.46666666666654,47.0,366.0,71.0,110259.14075428054,61.69845514563625,26.065990722052135,0.0,484.0,493.88669999999973,20.747902500000006,10.709620112134619,525.3442226121343,146.400000000001,47.0,718.7442226121353,1926.2345166005227,0.0,31.0,0.0,0.0,116.0,0.0,0.0,0.0,1097.5259999999994,30.54091388888891,48.79999999999987,15.666666666666677,0.0,64.46666666666654,47.0,366.0,71.0,110259.14075428054,61.69845514563625,26.065990722052135,0.0,460.0,493.88669999999973,20.747902500000006,10.709620112134619,525.3442226121343,146.400000000001,47.0,718.7442226121353,1926.2345166005227,0.0,31.0,0.0,0.0,105.0,8242.466269473754,0,3,0.0,0.0,0.0,0.0,0.0,0.0,0.0,0.0,0.0,0.0,0.0,0.0
fixed,gradual_upward_trend,1,4.0,32.8127152777779,118.2426159521965,592.5419999999997,21.251100000000005,52.799999999999855,5.999999999999998,0.0,58.799999999999855,18.0,396.0,174.0,110775.95681389933,56.70058992766065,68.38022025549341,0.0,36.0,266.6438999999999,47.323845,15.894458116592606,329.8622031165925,158.40000000000117,18.0,506.2622031165937,1356.7827043524712,0.0,0.0,0.0,0.0,9.0,4.0,32.8127152777779,118.2426159521965,592.5419999999997,21.251100000000005,52.799999999999855,5.999999999999998,0.0,58.799999999999855,18.0,396.0,174.0,110775.95681389933,56.70058992766065,68.38022025549341,0.0,36.0,266.6438999999999,47.323845,15.894458116592606,329.8622031165925,158.40000000000117,18.0,506.2622031165937,1356.7827043524712,0.0,0.0,0.0,0.0,9.0,8627.645913820765,0,3,0.0,0.0,0.0,0.0,0.0,0.0,32.8127152777779,4.0,118.2426159521965,0.0,0.0,0.0
smart,gradual_upward_trend,1,2.0,10.58286250000007,54.198745150169955,1048.3319999999997,30.541527777777784,46.266666666666545,14.666666666666675,0.0,60.93333333333322,44.0,347.0,53.0,108493.46874997228,63.79844608758717,27.397340593427344,0.0,484.0,471.7493999999998,30.150405000000013,11.69639790059096,513.5962029005908,138.8000000000009,44.0,696.3962029005917,1866.3418237735857,0.0,29.0,0.0,0.0,117.0,2.0,10.58286250000007,54.198745150169955,1048.3319999999997,30.541527777777784,46.266666666666545,14.666666666666675,0.0,60.93333333333322,44.0,347.0,53.0,108493.46874997228,63.79844608758717,27.397340593427344,0.0,460.0,471.7493999999998,30.150405000000013,11.69639790059096,513.5962029005908,138.8000000000009,44.0,696.3962029005917,1866.3418237735857,0.0,29.0,0.0,0.0,106.0,10974.17784854986,0,3,0.0,0.0,0.0,0.0,0.0,0.0,10.398633333333358,1.0,53.053747538690345,0.18422916666671274,1.0,1.14499761147961
fixed,abrupt_behavior_change,1,50.0,584.0290375000019,2803.320447875532,611.2619999999997,21.745636111111125,52.799999999999855,7.666666666666663,0.8333333333333333,60.46666666666652,23.0,396.0,114.0,130146.2648646527,66.30466127349403,62.872591722054445,0.0,36.0,275.06789999999995,47.634975,17.143140600125022,339.846015600125,158.40000000000117,23.0,521.2460156001262,1396.9393218083383,0.0,0.0,0.0,0.0,9.0,50.0,584.0290375000019,2803.320447875532,611.2619999999997,21.745636111111125,52.799999999999855,7.666666666666663,0.8333333333333333,60.46666666666652,23.0,396.0,114.0,130146.2648646527,66.30466127349403,62.872591722054445,0.0,36.0,275.06789999999995,47.634975,17.143140600125022,339.846015600125,158.40000000000117,23.0,521.2460156001262,1396.9393218083383,0.0,0.0,0.0,0.0,9.0,11363.150937744378,0,3,0.0,0.0,0.0,0.0,0.0,0.0,394.32537916666786,33.0,2556.331861136038,189.70365833333395,17.0,246.98858673949366
smart,abrupt_behavior_change,1,8.0,19.120541666666757,55.81013491896313,1234.6779999999997,38.241381944444456,58.6666666666665,16.666666666666675,0.0,75.33333333333317,50.0,440.0,73.0,137451.47998805478,63.70686577087852,30.54477333067884,2.0,478.0,555.6050999999997,54.99618749999999,14.93153258297665,625.5328200829763,176.00000000000142,50.0,851.5328200829777,2282.1079578223803,0.0,32.0,1.0,0.0,116.0,8.0,19.120541666666757,55.81013491896313,1234.6779999999997,38.241381944444456,58.6666666666665,16.666666666666675,0.0,75.33333333333317,50.0,440.0,73.0,137451.47998805478,63.70686577087852,30.54477333067884,2.0,454.0,555.6050999999997,54.99618749999999,14.93153258297665,625.5328200829763,176.00000000000142,50.0,851.5328200829777,2282.1079578223803,0.0,32.0,1.0,0.0,105.0,6805.446127298798,0,3,0.0,0.0,0.0,0.0,0.0,0.0,4.0642222222222095,3.0,19.252195662046915,15.056319444444549,5.0,36.557939256916214
fixed,traffic_disruption,1,1.0,11.527586041666716,41.28918223851713,592.5419999999998,28.24329937500003,52.799999999999855,5.999999999999998,0.0,58.799999999999855,18.0,396.0,183.0,106163.2802931616,54.33453292595563,65.53288906985284,0.0,36.0,266.6438999999999,153.68738512500016,20.183226841273243,440.51451196627335,158.40000000000117,18.0,616.9145119662745,1653.3308920696159,0.0,0.0,0.0,0.0,9.0,1.0,11.527586041666716,41.28918223851713,592.5419999999998,28.24329937500003,52.799999999999855,5.999999999999998,0.0,58.799999999999855,18.0,396.0,183.0,106163.2802931616,54.33453292595563,65.53288906985284,0.0,36.0,266.6438999999999,153.68738512500016,20.183226841273243,440.51451196627335,158.40000000000117,18.0,616.9145119662745,1653.3308920696159,0.0,0.0,0.0,0.0,9.0,7879.281354287415,0,3,0.0,0.0,0.0,0.0,0.0,0.0,11.527586041666716,1.0,41.28918223851713,0.0,0.0,0.0
smart,traffic_disruption,1,0.0,0.0,0.0,1032.2279999999987,43.85629875000002,46.53333333333321,14.333333333333341,0.0,60.86666666666655,43.0,349.0,54.0,106575.82021192902,62.509059885905444,27.538971630989412,0.0,483.0,464.5025999999999,237.6746651250003,15.430152778119576,717.6074179031198,139.6000000000009,43.0,900.2074179031207,2412.5558799803634,0.0,29.0,0.0,0.0,116.0,0.0,0.0,0.0,1032.2279999999987,43.85629875000002,46.53333333333321,14.333333333333341,0.0,60.86666666666655,43.0,349.0,54.0,106575.82021192902,62.509059885905444,27.538971630989412,0.0,459.0,464.5025999999999,237.6746651250003,15.430152778119576,717.6074179031198,139.6000000000009,43.0,900.2074179031207,2412.5558799803634,0.0,29.0,0.0,0.0,105.0,7508.030617758521,0,3,0.0,0.0,0.0,0.0,0.0,0.0,0.0,0.0,0.0,0.0,0.0,0.0
fixed,sensor_failure,1,1.0,11.30438472222225,41.28918223851713,592.5419999999997,21.251100000000005,52.799999999999855,5.999999999999998,0.0,58.799999999999855,18.0,396.0,183.0,106152.41781027058,54.32849177283383,65.52618383350035,0.0,187.0,266.6438999999999,47.323845,15.230736653216816,329.19848165321673,158.40000000000117,18.0,505.5984816532179,1355.003930830624,0.0,0.0,0.0,0.0,9.0,1.0,11.30438472222225,41.28918223851713,592.5419999999997,21.251100000000005,52.799999999999855,5.999999999999998,0.0,58.799999999999855,18.0,396.0,183.0,106152.41781027058,54.32849177283383,65.52618383350035,0.0,187.0,266.6438999999999,47.323845,15.230736653216816,329.19848165321673,158.40000000000117,18.0,505.5984816532179,1355.003930830624,0.0,0.0,0.0,0.0,9.0,7890.143837178451,0,3,0.0,0.0,0.0,0.0,0.0,0.0,11.30438472222225,1.0,41.28918223851713,0.0,0.0,0.0
smart,sensor_failure,1,0.0,0.0,0.0,921.731999999999,33.05726666666666,82.13333333333405,9.333333333333332,0.0,91.46666666666738,28.0,616.0,514.0,109027.93515385034,35.88909532416013,43.26505363248029,0.0,2464.0,414.7794000000001,73.61487,15.66862475393762,504.0628947539377,246.40000000000242,28.0,778.4628947539402,2086.28055794056,0.0,0.0,0.0,0.0,120.0,0.0,0.0,0.0,855.8939999999991,30.69603333333333,76.26666666666709,8.666666666666664,0.0,84.93333333333376,26.0,572.0,487.0,100492.72273260522,35.53514762499713,42.94560800538685,0.0,2229.0,385.1523000000001,68.35666499999998,14.46172846519615,467.9706934651962,228.80000000000217,26.0,722.7706934651983,1937.0254584867316,0.0,0.0,0.0,0.0,108.0,5055.915675837116,0,3,0.0,0.0,0.0,0.0,0.0,0.0,0.0,0.0,0.0,0.0,0.0,0.0
fixed,reduced_truck_capacity,1,1.0,11.30438472222225,41.28918223851713,632.3899999999995,22.188050000000004,52.799999999999855,8.999999999999998,1.5,61.799999999999855,27.0,396.0,182.0,106203.5417332775,54.35104791616527,67.23870954940013,0.0,36.0,284.5754999999999,46.02334500000002,19.855339147322624,350.45418414732256,158.40000000000117,27.0,535.8541841473237,1436.0892135148276,0.0,0.0,0.0,0.0,9.0,1.0,11.30438472222225,41.28918223851713,632.3899999999995,22.188050000000004,52.799999999999855,8.999999999999998,1.5,61.799999999999855,27.0,396.0,182.0,106203.5417332775,54.35104791616527,67.23870954940013,0.0,36.0,284.5754999999999,46.02334500000002,19.855339147322624,350.45418414732256,158.40000000000117,27.0,535.8541841473237,1436.0892135148276,0.0,0.0,0.0,0.0,9.0,7839.019914171426,0,3,0.0,0.0,0.0,0.0,0.0,0.0,11.30438472222225,1.0,41.28918223851713,0.0,0.0,0.0
smart,reduced_truck_capacity,1,0.0,0.0,0.0,1046.265999999999,33.05573194444445,46.13333333333321,14.333333333333341,0.0,60.466666666666555,43.0,346.0,50.0,106984.7487896324,62.99162870834236,42.53021220021164,0.0,483.0,470.81969999999995,58.37015250000003,17.602963286749855,546.7928157867499,138.4000000000009,43.0,728.1928157867508,1951.5567463084922,0.0,30.0,0.0,0.0,116.0,0.0,0.0,0.0,1046.265999999999,33.05573194444445,46.13333333333321,14.333333333333341,0.0,60.466666666666555,43.0,346.0,50.0,106984.7487896324,62.99162870834236,42.53021220021164,0.0,459.0,470.81969999999995,58.37015250000003,17.602963286749855,546.7928157867499,138.4000000000009,43.0,728.1928157867508,1951.5567463084922,0.0,30.0,0.0,0.0,105.0,7099.102040055049,0,3,0.0,0.0,0.0,0.0,0.0,0.0,0.0,0.0,0.0,0.0,0.0,0.0
fixed,combined_demand_operational_stress,1,154.0,3838.3442789583364,26650.784752589978,757.5359999999995,34.97385375000003,50.26666666666653,11.000000000000002,2.4999999999999996,61.26666666666653,33.0,374.0,39.0,147587.9295713012,79.68343440538058,76.45062396855799,22.0,186.0,340.89119999999986,190.3333477500001,33.164470593220884,564.3890183432209,150.80000000000106,33.0,748.189018343222,2005.146569159835,0.0,0.0,7.0,0.0,9.0,149.0,3811.3442789583364,26532.454314888295,757.5359999999995,34.97385375000003,50.26666666666653,11.000000000000002,2.4999999999999996,61.26666666666653,33.0,374.0,39.0,147587.9295713012,79.68343440538058,76.45062396855799,22.0,186.0,340.89119999999986,190.3333477500001,33.164470593220884,564.3890183432209,150.80000000000106,33.0,748.189018343222,2005.146569159835,0.0,0.0,7.0,0.0,9.0,14456.685251600116,0,3,793.5293512500003,8.0,9194.772344156227,432.7484968749999,3.0,1151.7502745381685,1407.2654739583375,79.0,13908.705290818949,1204.8009568750003,64.0,2395.556843076634
smart,combined_demand_operational_stress,1,46.0,511.08902125000265,3643.336016332599,996.8439999999993,46.58676187500004,82.13333333333405,14.000000000000007,2.333333333333333,96.13333333333406,42.0,614.0,271.0,175660.95523107197,57.96381603620946,71.49408027312657,2.0,2486.0,448.5797999999999,250.26444675000008,43.11256965370054,741.9568164037006,246.40000000000242,42.0,1030.356816403703,2761.3562679619245,0.0,0.0,0.0,0.0,120.0,46.0,511.08902125000265,3643.336016332599,927.2759999999994,43.32114750000004,76.26666666666709,13.000000000000005,2.1666666666666665,89.26666666666709,39.0,570.0,251.0,164040.0511096746,58.195599846326616,71.90008814800552,2.0,2251.0,417.2741999999999,232.99550100000008,40.28990148376233,690.5596024837623,228.80000000000217,39.0,958.3596024837645,2568.403734656489,0.0,0.0,0.0,0.0,108.0,9391.10832808668,0,3,0.0,0.0,0.0,0.0,0.0,0.0,264.5434212500008,26.0,3085.553392590552,246.54560000000203,20.0,557.7826237420472
